feature_extractor,avg_s,avg_ms
cosplace,0.1855304263218734,185.5304263218734
megaloc,0.2495304263218734,249.5304263218734
mixvpr,0.1935304263218734,193.5304263218734
netvlad,0.17753042632187338,177.5304263218734
