reconstruction,avg_runtime_s
timeSurface,0.03777220123566988
eventCount_noPolarity,0.0468299936614973
eventCount,0.05035693613141508
e2vid,0.06657129529329114
