feature_extractor,avg_runtime_s,avg_runtime_ms
netvlad,0.04438260658046835,44.382606580468355
cosplace,0.04638260658046835,46.38260658046835
mixvpr,0.04838260658046835,48.38260658046835
megaloc,0.06238260658046835,62.38260658046835
