feature_extractor,avg_runtime_s,std_runtime_s
netvlad,0.04438260658046835,0.03547471751177607
cosplace,0.04638260658046835,0.03547471751177607
mixvpr,0.04838260658046835,0.03547471751177607
megaloc,0.06238260658046835,0.03547471751177606
