feature_extractor,avg_ensemble_time_res_s,avg_ensemble_time_res_ms
cosplace,0.1855304263218734,185.5304263218734
megaloc,0.24953042632187342,249.53042632187342
mixvpr,0.1935304263218734,193.5304263218734
netvlad,0.1775304263218734,177.53042632187342
