reconstruction,avg_s,avg_ms
e2vid,0.10557129529329115,105.57129529329116
eventCount,0.08935693613141507,89.35693613141507
eventCount_noPolarity,0.0858299936614973,85.8299936614973
timeSurface,0.07677220123566988,76.77220123566988
