time_res,avg_s,avg_ms
0.1,0.08973813507419469,89.73813507419469
0.25,0.1279109623874392,127.91096238743921
0.5,0.1894505130377831,189.4505130377831
1.0,0.39902209478807654,399.0220947880765
