time_res,avg_runtime_s
0.1,0.022434533768548676
0.25,0.0319777405968598
0.5,0.047362628259445774
1.0,0.09975552369701915
