time_res,avg_s,avg_ms
0.1,0.06143453376854868,61.43453376854868
0.25,0.0709777405968598,70.97774059685979
0.5,0.08636262825944578,86.36262825944578
1.0,0.13875552369701916,138.75552369701916
