feature_extractor,avg_s,avg_ms
cosplace,0.1655304263218734,165.5304263218734
megaloc,0.2575304263218734,257.5304263218734
mixvpr,0.1655304263218734,165.5304263218734
netvlad,0.1735304263218734,173.5304263218734
