time_res,avg_s,avg_ms
0.1,0.05043453376854867,50.434533768548675
0.25,0.05997774059685979,59.97774059685979
0.5,0.07536262825944577,75.36262825944577
1.0,0.12775552369701915,127.75552369701914
