time_res,avg_s,avg_ms
0.1,0.07873813507419469,78.73813507419469
0.25,0.1169109623874392,116.9109623874392
0.5,0.17845051303778312,178.4505130377831
1.0,0.3880220947880766,388.0220947880766
