feature_extractor,avg_runtime_s,avg_runtime_ms
cosplace,0.04138260658046835,41.38260658046835
mixvpr,0.04138260658046835,41.38260658046835
netvlad,0.04338260658046835,43.38260658046835
megaloc,0.06438260658046835,64.38260658046835
