reconstruction,avg_s,avg_ms
e2vid,0.09457129529329114,94.57129529329114
eventCount,0.07835693613141506,78.35693613141507
eventCount_noPolarity,0.07482999366149728,74.82999366149728
timeSurface,0.06577220123566987,65.77220123566987
