reconstruction,time_res,feature_extractor,dataset,ref_seq,qry_seq,n_ref_frames,n_qry_frames,t_load_total_s,t_load_per_frame_s,t_feat_total_s,t_feat_per_frame_s,t_sim_mat_s
timeSurface,1.0,mixvpr,Brisbane,night,morning,595,591,0.033928189892321825,2.8607242742261234e-05,4.956267609959468,0.004178977748701069,0.013919699005782604
timeSurface,1.0,megaloc,Brisbane,night,morning,595,591,0.02867594826966524,2.417870849044287e-05,32.003509137546644,0.026984409053580644,0.018249691929668188
timeSurface,1.0,netvlad,Brisbane,night,morning,595,591,0.029456794960424304,2.4837095244877153e-05,7.454575342359021,0.006285476679897995,0.010597520042210817
timeSurface,1.0,cosplace,Brisbane,night,morning,595,591,0.03111835289746523,2.623807158302296e-05,4.3703970573842525,0.0036849890871705334,0.005027607083320618
